waste_type,quantity_kg,composition_pct,contamination_pct,moisture_pct,generation_frequency_per_week,processing_cost_per_tonne,transport_distance_km,target_pathway
Construction,1017.4,89.48,3.04,4.73,0.25,38.57,123.8,Reuse
Textile,3916.1,14.69,46.76,73.79,3.5,383.19,297.5,Disposal
Organic,16369.8,36.47,49.59,53.68,1.0,216.47,23.2,Energy Recovery
Rubber,18660.4,73.81,49.64,7.85,2.0,229.26,169.7,Energy Recovery
Construction,4267.7,70.33,41.63,5.69,0.5,305.23,274.8,Material Recovery
Plastic,1030.4,93.51,9.8,3.81,1.0,67.49,46.6,Reuse
Textile,44843.7,84.44,17.54,6.27,1.0,63.55,48.4,Recycling
Plastic,224.8,87.22,12.05,8.09,5.0,47.62,130.9,Recycling
E-waste,444.3,48.29,31.64,25.32,1.0,145.6,213.7,Material Recovery
Glass,80.4,93.23,10.53,0.36,2.0,88.28,179.5,Reuse
Metal,1082.8,87.0,28.22,2.72,7.0,270.45,69.0,Material Recovery
Plastic,11537.8,95.74,9.82,5.54,0.5,84.13,155.3,Reuse
Plastic,6934.8,40.31,44.81,20.16,2.0,60.7,261.7,Energy Recovery
Construction,108.1,80.81,12.41,25.51,2.0,115.23,78.7,Material Recovery
Wood,877.7,86.4,10.27,2.24,2.0,26.53,126.9,Reuse
Construction,228.3,41.85,74.78,27.2,1.0,436.21,190.2,Disposal
Metal,798.8,67.22,23.81,4.79,2.0,164.25,176.0,Recycling
Wood,48696.9,56.36,48.87,19.83,0.25,69.53,222.7,Energy Recovery
Construction,124.1,37.25,60.82,66.1,3.5,426.26,240.4,Disposal
Plastic,205.1,66.8,12.79,14.59,2.0,82.2,182.4,Recycling
Industrial Residue,856.2,25.74,53.76,76.58,0.5,195.44,250.7,Disposal
Metal,4571.0,54.95,31.61,3.65,5.0,228.83,129.8,Material Recovery
Organic,103.0,23.06,90.63,40.31,2.0,170.26,316.3,Disposal
Rubber,476.3,70.8,44.69,24.56,0.5,175.06,97.9,Energy Recovery
Glass,1897.5,77.05,11.71,0.68,2.0,94.01,102.0,Reuse
Metal,74.2,87.18,4.07,4.52,5.0,16.52,156.2,Reuse
E-waste,9904.3,79.48,21.04,6.68,1.0,200.88,216.5,Material Recovery
Plastic,110.1,76.28,20.33,12.22,2.0,119.95,141.0,Recycling
Organic,6364.8,41.27,94.68,46.3,0.5,288.33,204.4,Disposal
Plastic,62.9,92.77,21.99,16.65,7.0,82.46,240.8,Recycling
Glass,316.9,83.76,4.76,2.1,7.0,65.08,111.6,Reuse
Rubber,130.1,91.18,18.72,3.62,1.0,83.88,168.9,Recycling
Industrial Residue,163.8,26.45,95.52,76.03,7.0,351.96,442.0,Disposal
Plastic,111.5,57.29,19.5,15.83,1.0,162.07,94.2,Energy Recovery
Organic,341.8,58.34,26.22,61.2,0.25,151.53,130.3,Energy Recovery
Metal,547.1,78.95,4.21,7.09,7.0,86.07,153.0,Reuse
Plastic,5014.9,80.17,11.46,18.06,2.0,105.23,127.1,Recycling
Plastic,450.1,38.5,36.94,11.42,2.0,220.38,255.3,Energy Recovery
Glass,168.6,77.16,3.89,7.47,0.5,55.85,175.0,Reuse
Glass,80.3,95.74,7.71,1.51,1.0,35.74,53.1,Reuse
Industrial Residue,4093.5,36.58,54.87,59.39,1.0,294.72,331.6,Disposal
Glass,82.7,82.2,4.14,7.52,2.0,94.87,179.3,Reuse
Textile,686.7,41.43,46.07,65.65,3.5,195.51,422.5,Disposal
Organic,162.9,26.0,78.38,76.78,1.0,385.3,105.1,Disposal
Plastic,78.9,72.81,47.93,36.05,5.0,137.84,31.6,Energy Recovery
Glass,2890.8,84.17,15.94,6.11,1.0,154.14,158.2,Recycling
Construction,4086.4,81.64,0.54,14.11,1.0,73.0,101.5,Reuse
Metal,2575.4,87.92,11.32,4.01,0.5,114.69,27.6,Recycling
Plastic,4280.5,58.28,28.1,31.05,1.0,140.89,172.9,Energy Recovery
Plastic,443.0,93.62,3.13,1.55,1.0,27.93,170.0,Reuse
Construction,14478.5,38.65,81.59,77.61,5.0,383.51,237.7,Disposal
Construction,76.2,35.1,64.64,31.9,2.0,290.26,228.2,Disposal
Industrial Residue,4618.5,51.33,19.87,8.81,5.0,181.16,90.5,Material Recovery
E-waste,96.6,80.06,21.38,26.89,3.5,120.55,274.9,Material Recovery
Industrial Residue,43081.1,27.87,46.29,69.25,1.0,183.82,127.5,Disposal
Metal,42611.0,63.75,32.59,1.75,3.5,215.82,225.2,Material Recovery
Paper,38568.5,93.71,4.31,26.37,0.5,174.94,124.9,Recycling
Construction,560.7,97.71,3.05,8.67,0.25,14.53,92.9,Reuse
Rubber,1237.3,42.68,27.09,32.3,2.0,134.14,184.7,Energy Recovery
Rubber,2386.9,68.05,48.88,15.03,2.0,64.56,10.7,Energy Recovery
Textile,70.2,43.3,74.03,37.68,2.0,263.41,43.9,Disposal
Rubber,431.2,67.75,52.17,20.82,1.0,198.9,250.2,Energy Recovery
Metal,15169.4,70.26,21.12,8.97,2.0,51.71,170.6,Recycling
Rubber,12216.7,67.05,35.58,11.92,3.5,111.31,227.1,Energy Recovery
Textile,9297.0,74.47,20.45,36.68,0.5,129.61,256.9,Energy Recovery
Wood,18072.7,91.62,7.97,15.48,5.0,42.3,60.4,Reuse
Wood,5600.4,72.95,29.71,18.98,7.0,209.5,263.0,Energy Recovery
Organic,2485.5,31.39,73.85,73.9,0.25,201.04,48.0,Disposal
E-waste,26495.9,62.78,13.28,10.41,1.0,218.03,153.7,Material Recovery
Industrial Residue,91.7,54.15,25.78,14.28,0.25,292.67,185.2,Material Recovery
Metal,35674.6,98.09,10.11,5.75,14.0,67.14,52.2,Reuse
Industrial Residue,544.4,56.04,30.73,13.01,3.5,335.71,213.3,Material Recovery
Construction,517.9,87.42,1.89,4.82,2.0,29.56,43.5,Reuse
Rubber,27404.9,65.75,26.08,26.23,3.5,77.56,29.7,Energy Recovery
Paper,4661.4,28.77,45.3,83.19,7.0,263.97,334.6,Disposal
Rubber,583.3,55.38,38.43,19.85,0.5,162.78,166.0,Energy Recovery
Textile,2030.7,46.97,44.82,15.41,1.0,176.53,225.9,Energy Recovery
Glass,179.2,93.75,8.64,4.05,2.0,98.34,17.0,Recycling
Construction,4342.6,43.32,90.39,69.15,5.0,386.31,266.0,Disposal
Textile,231.1,76.12,12.28,16.63,0.5,75.2,234.3,Recycling
E-waste,7579.7,76.32,29.16,9.89,1.0,232.97,254.4,Material Recovery
Rubber,72.2,60.35,47.53,15.31,1.0,192.35,136.6,Energy Recovery
Organic,87.7,43.05,87.69,43.77,5.0,371.05,215.2,Disposal
Organic,773.1,13.36,55.0,81.8,5.0,342.11,232.4,Disposal
Metal,518.9,83.95,3.75,4.09,2.0,77.08,118.3,Reuse
Metal,3896.3,57.11,19.76,3.88,1.0,113.88,220.4,Material Recovery
Plastic,118.2,67.99,19.68,13.95,5.0,99.57,10.2,Recycling
Glass,31752.2,80.85,23.55,9.87,0.5,156.21,146.4,Recycling
Wood,1475.4,82.17,7.25,17.98,0.5,55.78,65.4,Reuse
Textile,20201.5,88.28,8.52,3.15,2.0,84.18,105.5,Reuse
Industrial Residue,285.8,64.95,23.29,14.81,2.0,265.76,266.4,Material Recovery
Metal,473.8,81.6,7.78,5.48,14.0,55.1,84.4,Reuse
Organic,1518.5,17.13,81.61,48.35,1.0,249.84,408.9,Disposal
E-waste,109.3,83.5,37.91,10.75,2.0,184.64,66.0,Material Recovery
Rubber,12900.7,41.37,23.05,13.53,3.5,89.92,240.2,Energy Recovery
Metal,21560.4,81.6,16.03,7.33,2.0,192.51,108.2,Material Recovery
Industrial Residue,399.2,71.05,39.23,22.45,3.5,242.55,38.9,Material Recovery
Paper,68.5,89.49,18.92,17.04,1.0,48.61,248.6,Recycling
Plastic,92.3,53.6,20.89,34.37,2.0,186.09,269.3,Energy Recovery
Industrial Residue,160.6,48.19,20.21,27.6,3.5,222.6,247.9,Material Recovery
Industrial Residue,17968.3,7.13,85.58,77.37,7.0,443.47,110.0,Disposal
Textile,733.5,9.88,89.21,76.46,5.0,285.75,440.5,Disposal
Metal,5913.3,92.28,6.12,7.58,2.0,51.72,143.8,Reuse
Industrial Residue,113.2,35.06,18.89,25.64,5.0,195.93,279.7,Energy Recovery
Metal,6375.0,76.0,34.45,2.99,5.0,273.73,300.3,Material Recovery
Organic,1152.9,26.32,57.9,66.93,7.0,365.11,425.5,Disposal
Industrial Residue,445.4,19.26,53.85,49.13,1.0,306.81,48.4,Disposal
Wood,2127.1,87.35,11.86,12.18,1.0,25.94,68.3,Reuse
Glass,8449.0,92.84,11.38,4.19,0.5,45.27,22.3,Reuse
Construction,39848.8,33.63,86.89,26.26,2.0,429.27,304.8,Disposal
Paper,99.0,72.85,14.26,14.93,14.0,103.38,211.5,Recycling
Wood,25329.6,81.13,0.61,14.68,3.5,23.43,82.3,Reuse
Textile,2180.2,44.47,36.56,18.56,1.0,226.3,163.4,Energy Recovery
Glass,58.3,82.47,9.18,8.13,0.25,161.84,116.4,Recycling
Plastic,511.8,94.72,18.79,9.78,5.0,111.87,180.1,Recycling
Construction,25064.6,59.95,16.5,27.73,5.0,294.54,198.0,Material Recovery
Wood,11145.8,37.65,42.7,29.9,7.0,94.92,253.3,Energy Recovery
Metal,104.6,84.02,18.79,3.17,0.25,81.62,96.4,Recycling
Construction,393.9,79.29,11.0,15.8,2.0,61.76,31.7,Reuse
Metal,1408.6,49.94,40.06,8.39,2.0,321.87,69.0,Material Recovery
Construction,697.4,7.93,80.42,69.98,3.5,433.85,190.6,Disposal
Industrial Residue,33682.2,52.52,32.89,5.82,0.5,205.69,195.2,Material Recovery
Organic,15536.5,13.82,90.0,80.42,0.5,213.46,198.7,Disposal
Metal,813.2,55.54,40.44,9.18,1.0,277.25,55.0,Material Recovery
Paper,2313.2,68.98,7.75,13.67,1.0,43.55,94.9,Recycling
E-waste,31413.0,79.99,37.57,30.39,14.0,216.09,182.6,Material Recovery
Organic,783.6,60.23,19.82,43.15,1.0,200.7,134.6,Energy Recovery
Textile,1435.2,97.23,10.26,3.83,1.0,44.09,15.3,Reuse
Industrial Residue,710.8,28.98,78.65,25.64,3.5,441.58,286.3,Disposal
Construction,1185.7,69.26,17.59,19.52,7.0,114.94,90.5,Material Recovery
Metal,51.8,62.58,21.49,4.28,1.0,160.95,240.6,Material Recovery
Construction,2366.2,51.2,36.03,5.88,7.0,205.67,127.6,Material Recovery
E-waste,152.4,64.51,31.38,19.89,1.0,301.99,74.3,Material Recovery
Metal,15851.2,84.12,8.59,5.0,5.0,16.13,155.8,Reuse
Rubber,316.7,42.39,46.21,25.2,2.0,99.25,72.7,Energy Recovery
Construction,791.0,81.31,7.22,16.26,1.0,94.79,94.2,Reuse
Glass,20363.9,77.61,23.86,3.82,5.0,90.71,173.9,Recycling
Textile,54.3,87.7,11.67,15.63,3.5,67.95,99.0,Reuse
Organic,1233.0,11.11,82.06,49.67,2.0,280.05,280.6,Disposal
Plastic,303.6,69.22,10.47,8.45,1.0,141.76,239.0,Recycling
Industrial Residue,594.1,64.61,15.17,23.8,2.0,263.01,284.3,Material Recovery
Organic,3844.9,36.64,51.94,57.84,1.0,186.31,87.9,Disposal
Industrial Residue,2483.3,75.12,35.03,21.88,14.0,264.06,118.2,Material Recovery
Plastic,376.3,82.94,10.49,12.02,1.0,51.43,226.3,Recycling
Wood,543.5,60.5,25.8,29.23,2.0,188.43,41.3,Energy Recovery
Rubber,4346.4,43.14,33.26,32.18,1.0,162.21,119.6,Energy Recovery
Glass,284.6,82.94,8.58,2.71,0.5,26.37,25.9,Reuse
Construction,24311.1,41.06,79.31,49.79,3.5,403.99,251.4,Disposal
Plastic,181.4,69.87,13.18,8.69,3.5,146.75,146.3,Recycling
Industrial Residue,235.7,22.22,76.5,32.24,1.0,268.9,172.8,Disposal
Plastic,50.3,87.95,9.45,10.02,1.0,11.66,167.6,Reuse
Industrial Residue,30602.6,45.59,34.3,21.23,2.0,90.34,142.9,Energy Recovery
Metal,124.9,56.88,20.69,3.94,0.5,241.43,30.0,Material Recovery
Rubber,8795.0,65.93,12.09,13.76,1.0,102.38,202.9,Recycling
Industrial Residue,262.5,27.74,65.07,81.74,5.0,247.61,290.1,Disposal
Wood,2832.9,79.96,5.33,16.38,3.5,82.82,139.0,Reuse
Paper,133.4,93.85,6.32,26.46,1.0,101.47,59.6,Recycling
Industrial Residue,228.6,12.69,62.54,38.93,5.0,268.53,278.9,Disposal
Industrial Residue,88.6,67.36,41.1,14.46,2.0,204.75,85.0,Energy Recovery
Wood,398.9,40.91,23.57,27.62,1.0,114.17,234.2,Energy Recovery
Wood,3983.0,66.59,31.71,20.32,5.0,72.02,251.2,Energy Recovery
Industrial Residue,3209.6,23.22,79.73,40.26,7.0,429.29,25.3,Disposal
Industrial Residue,1860.4,60.9,31.23,7.42,0.25,302.09,54.6,Material Recovery
Metal,34782.0,62.14,38.83,2.69,3.5,319.28,167.2,Material Recovery
Organic,1927.2,37.67,69.88,75.71,1.0,261.07,47.3,Disposal
Industrial Residue,1208.3,78.3,40.84,18.22,2.0,116.29,50.5,Material Recovery
Construction,121.6,27.34,64.11,59.65,7.0,163.1,368.5,Disposal
Wood,976.5,88.15,0.5,5.88,2.0,65.65,86.4,Reuse
Construction,17730.7,83.89,6.32,6.8,5.0,18.97,173.1,Reuse
Rubber,1541.1,40.8,52.56,10.09,14.0,190.96,74.2,Energy Recovery
Glass,8774.1,71.57,6.67,1.53,2.0,96.14,141.8,Recycling
Plastic,123.6,65.36,20.61,27.55,5.0,90.25,161.3,Recycling
E-waste,34748.7,48.2,29.9,20.65,1.0,282.11,290.6,Material Recovery
Plastic,12153.3,7.62,52.37,80.45,0.5,281.02,180.9,Disposal
Paper,304.8,17.73,79.79,45.56,3.5,304.87,125.7,Disposal
E-waste,144.9,61.22,33.29,8.8,1.0,121.7,299.4,Material Recovery
Wood,40094.9,88.99,2.13,6.95,3.5,43.32,109.1,Reuse
Industrial Residue,76.6,64.98,44.9,23.6,2.0,88.74,23.9,Energy Recovery
Plastic,68.9,58.77,21.22,20.41,2.0,172.03,94.4,Energy Recovery
Metal,154.4,85.67,9.7,3.87,2.0,170.26,215.7,Recycling
Industrial Residue,5858.0,80.22,25.16,9.98,1.0,140.99,289.1,Material Recovery
Construction,29259.4,61.76,26.08,4.26,7.0,219.73,17.8,Material Recovery
Wood,726.0,77.72,8.96,9.48,2.0,32.25,50.6,Reuse
Plastic,1235.3,81.91,10.08,18.19,2.0,106.6,195.4,Recycling
Plastic,52.4,92.01,19.21,8.37,1.0,71.45,93.1,Recycling
Rubber,163.1,54.01,31.0,20.22,3.5,162.75,44.4,Energy Recovery
E-waste,3476.2,74.76,25.37,32.04,2.0,330.55,223.2,Material Recovery
Textile,252.0,17.68,64.5,35.77,2.0,274.91,55.4,Disposal
Organic,25112.7,37.4,53.93,49.2,3.5,306.51,411.7,Disposal
Glass,21637.1,92.87,12.14,9.35,2.0,66.93,241.3,Recycling
Industrial Residue,47889.0,87.32,29.87,20.05,1.0,179.08,82.7,Material Recovery
Metal,14384.8,89.57,9.1,1.15,7.0,19.19,9.5,Reuse
Rubber,51.0,76.07,23.01,10.51,3.5,138.92,185.4,Recycling
Metal,150.3,91.02,20.42,5.15,1.0,108.42,42.6,Recycling
Rubber,9063.2,50.95,29.15,29.62,2.0,124.57,200.5,Energy Recovery
Rubber,86.3,44.06,22.64,9.3,3.5,193.29,31.0,Energy Recovery
Textile,126.9,47.12,44.12,21.22,3.5,142.87,39.5,Energy Recovery
Industrial Residue,134.9,64.3,37.37,30.59,5.0,199.76,263.3,Energy Recovery
Paper,24155.5,37.22,95.44,58.94,2.0,330.65,276.1,Disposal
Wood,277.5,92.14,6.3,3.93,1.0,47.35,96.5,Reuse
E-waste,31577.2,49.58,26.89,10.44,1.0,110.63,219.8,Material Recovery
Metal,4578.3,49.94,41.84,6.62,0.25,268.64,142.1,Material Recovery
Textile,908.0,81.59,22.28,21.26,1.0,96.19,182.9,Recycling
Plastic,67.3,92.15,20.59,10.62,2.0,62.68,147.7,Recycling
Rubber,5217.0,42.03,30.23,16.15,5.0,195.53,184.3,Energy Recovery
Rubber,72.3,46.77,31.66,23.11,3.5,199.53,107.0,Energy Recovery
Metal,106.1,71.62,18.89,3.85,1.0,307.71,168.8,Material Recovery
Wood,6846.0,53.24,24.16,35.5,1.0,225.45,236.6,Energy Recovery
Organic,2110.1,60.09,28.85,62.15,0.5,118.94,129.8,Energy Recovery
Metal,18886.0,55.03,30.2,8.42,0.5,233.88,95.3,Material Recovery
Plastic,629.5,75.84,1.27,14.23,1.0,58.22,110.9,Reuse
Organic,3539.5,58.71,48.94,54.58,1.0,198.97,202.5,Energy Recovery
Glass,4733.9,88.37,17.81,8.48,1.0,109.9,132.3,Recycling
Plastic,27665.6,82.78,20.12,20.14,0.25,134.58,237.4,Recycling
Textile,51.3,66.24,47.06,22.82,7.0,199.06,140.2,Energy Recovery
Metal,320.8,70.01,6.54,7.81,5.0,144.14,17.0,Recycling
Wood,1151.3,90.38,1.78,8.39,7.0,84.45,51.1,Reuse
Glass,5535.6,76.72,16.69,8.35,0.25,134.32,185.2,Recycling
E-waste,149.5,55.22,24.05,14.46,14.0,211.89,122.5,Material Recovery
Plastic,1121.8,76.77,11.68,11.92,3.5,39.28,158.6,Reuse
Plastic,349.5,22.78,56.3,26.19,7.0,274.5,58.7,Disposal
Rubber,92.8,54.48,18.23,10.92,3.5,210.78,122.4,Energy Recovery
Metal,368.0,82.38,9.11,5.69,0.5,68.54,127.5,Reuse
Textile,15804.8,91.38,4.58,7.01,5.0,73.68,119.5,Recycling
E-waste,67.0,52.79,35.67,4.28,3.5,219.31,196.8,Material Recovery
E-waste,1956.6,62.43,18.55,27.33,14.0,299.45,314.2,Material Recovery
E-waste,21680.7,54.68,15.09,5.98,2.0,116.06,136.1,Material Recovery
E-waste,719.7,64.03,40.87,12.43,5.0,293.98,212.9,Material Recovery
Metal,148.7,89.02,6.28,8.53,7.0,16.81,37.5,Reuse
Industrial Residue,1095.9,82.2,31.78,27.18,3.5,147.21,80.4,Material Recovery
Wood,3907.1,42.64,43.75,34.58,1.0,74.43,180.9,Energy Recovery
Metal,123.3,51.4,27.05,7.74,0.5,238.64,163.8,Material Recovery
Construction,72.9,59.21,18.66,21.88,3.5,220.01,179.9,Material Recovery
E-waste,1238.3,57.25,41.66,13.18,0.5,150.18,27.0,Material Recovery
Textile,122.5,10.77,51.48,67.67,3.5,436.25,70.8,Disposal
Industrial Residue,527.7,15.02,50.5,39.3,0.25,266.75,361.5,Disposal
Organic,45799.9,14.65,84.48,76.41,0.5,179.18,180.4,Disposal
Industrial Residue,2864.6,9.61,59.82,36.66,3.5,174.05,32.8,Disposal
Industrial Residue,39162.4,69.86,30.1,28.06,1.0,150.81,223.2,Material Recovery
Construction,49978.7,89.69,1.49,6.26,3.5,54.68,139.6,Reuse
Wood,24120.7,51.45,34.39,35.81,7.0,106.55,220.4,Energy Recovery
Construction,1047.7,15.55,70.44,50.41,7.0,316.65,438.5,Disposal
Plastic,107.8,22.51,68.31,75.5,0.5,355.38,356.3,Disposal
Paper,21896.5,77.43,13.04,18.47,0.5,109.61,76.8,Recycling
Construction,176.5,9.56,78.74,35.77,1.0,186.65,397.0,Disposal
Metal,648.1,90.82,23.51,1.31,2.0,83.08,122.0,Recycling
Rubber,1421.4,66.57,24.35,13.58,14.0,190.86,22.8,Energy Recovery
Industrial Residue,18925.0,9.48,45.81,83.23,1.0,367.56,299.4,Disposal
E-waste,9830.0,87.66,21.74,15.52,1.0,276.95,200.6,Material Recovery
Glass,20784.4,85.42,1.63,6.34,1.0,68.99,163.1,Reuse
Organic,342.3,42.84,82.7,53.74,2.0,403.36,244.0,Disposal
Industrial Residue,5181.1,60.18,27.25,10.41,7.0,193.57,31.6,Material Recovery
Organic,173.7,42.8,30.48,54.33,2.0,174.38,234.6,Energy Recovery
Metal,244.6,62.82,13.3,5.3,5.0,291.6,131.3,Material Recovery
Glass,7463.0,91.21,7.76,7.62,2.0,104.72,218.7,Recycling
Plastic,7347.1,71.17,7.8,20.13,3.5,75.81,77.6,Recycling
Metal,828.1,73.02,11.94,3.73,2.0,173.68,64.2,Recycling
Construction,93.4,81.41,32.07,8.62,2.0,276.42,45.9,Material Recovery
Plastic,21578.9,94.96,4.04,1.98,7.0,17.28,90.0,Reuse
Textile,281.8,94.61,9.71,3.35,2.0,84.3,102.0,Reuse
Construction,3659.1,19.06,74.78,52.92,1.0,309.62,195.8,Disposal
Industrial Residue,446.1,74.45,28.63,25.09,2.0,229.15,105.5,Energy Recovery
E-waste,1316.4,66.18,28.8,23.21,3.5,274.66,49.8,Material Recovery
Industrial Residue,652.2,27.87,47.05,34.2,14.0,257.04,228.9,Disposal
Organic,1496.0,62.17,24.63,62.96,0.5,134.47,187.8,Energy Recovery
Wood,79.1,64.69,54.57,30.01,7.0,227.56,244.1,Energy Recovery
Plastic,1330.5,88.15,10.82,13.64,1.0,31.02,116.6,Reuse
Rubber,218.2,63.13,49.92,24.04,7.0,186.18,136.2,Energy Recovery
Plastic,19922.0,35.67,65.72,27.03,5.0,460.96,222.6,Disposal
Construction,6012.7,5.41,51.79,44.39,3.5,388.27,324.6,Disposal
Paper,43700.0,68.66,17.53,11.87,5.0,168.87,203.1,Recycling
Metal,1475.5,84.36,24.0,5.55,0.5,82.47,118.2,Recycling
Glass,7968.7,94.89,8.63,4.35,7.0,32.96,146.4,Reuse
Metal,2446.4,90.11,1.12,1.49,1.0,94.48,25.7,Reuse
E-waste,3454.1,56.43,29.43,14.09,1.0,236.17,87.3,Material Recovery
Industrial Residue,2924.2,61.77,15.87,15.89,0.5,299.48,106.0,Material Recovery
Plastic,133.5,10.28,61.18,56.83,0.5,174.13,75.0,Disposal
Metal,662.1,59.72,18.94,0.07,1.0,238.93,135.4,Material Recovery
Rubber,527.0,66.61,12.74,23.81,3.5,168.91,105.2,Recycling
Construction,4060.1,40.06,82.11,30.33,3.5,270.21,81.4,Disposal
Metal,494.3,77.77,21.21,7.88,1.0,177.63,274.6,Material Recovery
Wood,49482.5,76.02,10.51,6.99,1.0,93.3,170.9,Reuse
Plastic,3852.2,66.81,19.79,15.17,2.0,96.08,178.4,Recycling
Glass,102.0,82.01,11.35,2.55,2.0,137.58,64.8,Recycling
Glass,1408.8,83.81,9.79,9.57,5.0,132.47,81.4,Recycling
Organic,24566.2,44.54,56.86,70.13,1.0,396.13,345.6,Disposal
Glass,830.9,69.66,7.29,4.66,2.0,170.23,59.8,Recycling
Rubber,127.6,66.15,52.7,27.97,1.0,136.65,58.3,Energy Recovery
Industrial Residue,98.6,28.29,86.96,46.68,3.5,425.1,55.2,Disposal
Textile,9647.6,72.49,18.23,23.54,3.5,106.08,148.6,Recycling
Industrial Residue,5053.4,41.34,85.05,45.49,3.5,474.22,277.9,Disposal
Industrial Residue,642.7,23.93,83.07,81.64,7.0,352.51,195.7,Disposal
Glass,5510.6,87.93,9.59,9.89,0.5,171.64,104.5,Recycling
Construction,1421.0,93.29,2.63,4.68,3.5,93.01,96.8,Reuse
Glass,157.2,72.51,11.44,9.04,1.0,81.24,177.9,Recycling
Wood,1944.6,71.48,31.17,14.57,7.0,147.36,216.9,Energy Recovery
Organic,19011.5,54.61,27.68,44.62,2.0,221.94,18.5,Energy Recovery
Organic,5900.4,43.96,63.4,73.41,1.0,256.85,73.8,Disposal
Glass,33478.0,77.82,13.91,9.72,3.5,146.08,86.5,Recycling
E-waste,728.6,76.84,31.75,20.71,2.0,224.44,183.2,Material Recovery
Glass,5228.6,83.04,9.91,7.51,1.0,26.93,9.3,Reuse
Industrial Residue,39201.4,56.87,22.24,29.73,1.0,230.06,229.1,Material Recovery
Textile,3677.3,36.84,85.79,75.67,1.0,399.76,306.8,Disposal
Paper,712.0,72.44,5.94,9.55,2.0,73.52,217.7,Recycling
Plastic,2226.7,90.01,9.24,4.46,7.0,47.24,127.2,Reuse
Glass,498.4,90.08,9.37,7.35,0.25,56.41,147.4,Reuse
Wood,13105.6,89.14,9.81,1.11,3.5,38.92,32.2,Reuse
Metal,280.3,97.99,6.46,0.5,5.0,48.8,145.2,Reuse
Metal,187.0,48.56,21.67,8.33,3.5,254.14,90.9,Material Recovery
Rubber,686.6,39.35,48.12,30.45,2.0,172.23,34.4,Energy Recovery
Organic,249.5,46.66,20.33,59.41,7.0,169.59,121.2,Energy Recovery
Paper,429.5,80.08,21.9,20.29,0.5,163.68,80.8,Recycling
Metal,58.3,92.56,20.89,3.24,2.0,163.83,195.8,Recycling
Construction,590.1,81.08,9.16,4.25,3.5,83.59,63.1,Reuse
E-waste,1083.2,58.7,31.34,12.41,5.0,193.53,194.0,Material Recovery
Industrial Residue,20646.5,12.4,83.1,61.24,0.5,331.0,22.5,Disposal
Industrial Residue,99.5,22.66,70.8,68.95,2.0,267.07,79.2,Disposal
Glass,276.9,81.13,17.28,2.18,3.5,157.87,29.6,Recycling
Construction,201.1,80.08,6.7,13.41,1.0,94.59,118.7,Reuse
Industrial Residue,1328.4,20.9,56.57,69.95,2.0,411.51,345.8,Disposal
Rubber,9879.0,62.0,30.43,21.59,1.0,164.52,108.1,Energy Recovery
Plastic,5827.3,33.89,70.99,54.32,3.5,368.29,418.4,Disposal
Plastic,4501.8,66.36,16.83,17.0,3.5,96.24,163.4,Recycling
Rubber,1706.2,77.91,4.21,8.73,2.0,118.37,148.1,Recycling
E-waste,5261.3,81.29,19.45,6.88,5.0,127.49,299.1,Material Recovery
Industrial Residue,2543.5,22.0,49.82,64.65,1.0,241.56,55.2,Disposal
Rubber,5424.0,38.98,19.96,7.25,14.0,125.05,193.4,Energy Recovery
Construction,887.1,80.48,4.4,8.71,0.5,46.27,121.4,Reuse
Wood,1043.3,40.77,24.48,37.01,1.0,160.21,142.4,Energy Recovery
Metal,100.6,91.51,4.31,2.06,0.25,120.7,178.8,Recycling
Plastic,1113.6,86.86,9.18,13.92,7.0,57.98,116.2,Reuse
Industrial Residue,2341.2,20.81,51.27,33.38,1.0,298.23,282.5,Disposal
Rubber,16696.7,57.04,29.4,18.25,1.0,75.72,24.9,Energy Recovery
Industrial Residue,1791.5,62.13,23.85,22.17,3.5,125.78,42.5,Material Recovery
E-waste,308.3,52.25,17.96,10.19,2.0,156.38,229.5,Material Recovery
Metal,130.7,81.89,10.04,6.96,3.5,48.13,5.9,Reuse
Plastic,133.7,39.53,35.82,27.79,3.5,227.21,275.6,Energy Recovery
Construction,1491.4,98.91,3.78,16.58,0.5,82.49,84.1,Reuse
Industrial Residue,594.6,74.48,26.72,21.75,3.5,183.11,82.1,Material Recovery
Industrial Residue,18454.3,52.76,38.49,14.59,0.5,71.83,237.1,Energy Recovery
Plastic,104.6,71.0,19.83,16.62,0.25,177.68,303.8,Material Recovery
Industrial Residue,3727.6,28.49,68.2,65.22,1.0,469.35,394.7,Disposal
Plastic,3888.5,37.94,47.14,31.32,5.0,451.52,87.5,Disposal
Metal,3937.4,93.7,5.84,6.95,5.0,15.36,140.8,Reuse
Wood,129.1,57.23,44.28,29.92,0.5,124.9,159.5,Energy Recovery
Wood,6999.1,91.26,11.52,7.74,0.25,68.7,114.8,Reuse
Metal,5473.1,90.3,4.68,8.01,7.0,22.14,111.3,Reuse
Metal,12256.5,78.06,4.04,8.99,5.0,86.41,41.8,Reuse
Construction,1665.5,51.06,14.26,4.58,0.25,243.83,138.6,Material Recovery
Textile,47620.2,38.5,44.93,19.66,5.0,109.07,227.5,Energy Recovery
Metal,9522.6,90.44,17.07,8.58,0.5,91.2,142.6,Recycling
Rubber,191.1,65.81,42.4,14.12,3.5,176.49,271.5,Energy Recovery
E-waste,7425.8,63.99,39.54,26.76,3.5,149.77,266.8,Material Recovery
Construction,15146.3,34.41,58.29,66.25,3.5,223.57,198.2,Disposal
Paper,369.8,81.16,10.47,20.31,1.0,155.83,246.5,Recycling
Metal,1312.2,78.18,11.26,5.71,3.5,78.64,38.3,Reuse
Metal,6103.5,69.89,26.23,1.53,2.0,179.26,216.8,Material Recovery
Textile,83.4,84.53,17.74,6.23,5.0,79.81,86.5,Recycling
Industrial Residue,1169.7,38.39,41.76,18.72,3.5,162.75,124.9,Energy Recovery
Industrial Residue,524.1,11.97,90.15,68.13,2.0,217.13,29.2,Disposal
Wood,6079.4,57.02,28.83,9.44,1.0,149.6,151.7,Energy Recovery
Organic,3901.5,38.35,47.6,35.45,3.5,473.44,384.9,Disposal
Paper,131.8,91.9,10.63,21.65,14.0,137.76,130.2,Recycling
Rubber,1425.7,88.46,11.18,16.16,5.0,107.82,103.2,Recycling
Glass,40937.1,67.57,10.88,5.41,2.0,114.74,211.8,Recycling
Organic,183.5,23.46,85.39,52.85,3.5,383.34,110.1,Disposal
Textile,31660.7,16.57,94.58,25.03,2.0,351.32,381.0,Disposal
Textile,15719.2,96.91,5.81,3.0,2.0,70.91,94.1,Reuse
Paper,2010.4,84.92,11.16,3.65,1.0,98.0,60.8,Recycling
Organic,1172.0,34.49,59.68,85.22,3.5,387.73,147.9,Disposal
Paper,39816.2,65.7,22.9,15.14,1.0,87.64,22.1,Recycling
Plastic,4163.7,65.9,43.62,11.8,2.0,130.05,263.3,Energy Recovery
Textile,384.9,66.04,16.38,8.39,1.0,114.34,24.6,Recycling
Construction,40091.3,38.19,57.9,43.13,3.5,282.49,152.4,Disposal
Paper,239.2,78.37,9.27,14.09,1.0,48.32,190.5,Recycling
Metal,6836.2,87.38,30.42,5.21,2.0,327.51,265.2,Material Recovery
Organic,245.2,36.93,47.71,43.47,0.25,243.27,323.6,Disposal
Plastic,35401.6,72.32,37.31,32.36,7.0,102.81,248.8,Energy Recovery
Industrial Residue,664.2,40.55,74.14,81.13,2.0,202.99,56.1,Disposal
Metal,115.7,93.54,10.28,6.0,14.0,76.52,65.8,Reuse
Metal,685.7,94.07,21.69,4.93,2.0,53.69,125.1,Recycling
Construction,2588.4,56.08,26.56,7.06,5.0,261.32,175.4,Material Recovery
Industrial Residue,92.9,52.39,54.36,16.36,0.25,227.69,119.1,Energy Recovery
Rubber,142.7,68.3,4.38,10.16,3.5,95.4,196.0,Recycling
Construction,400.6,30.04,85.29,36.45,2.0,311.68,29.4,Disposal
Paper,1319.9,69.48,11.53,21.61,5.0,80.6,179.8,Recycling
Construction,189.4,5.24,89.36,29.2,2.0,205.29,107.8,Disposal
Metal,180.6,48.03,31.14,3.79,0.25,307.07,251.7,Material Recovery
Glass,163.1,83.01,7.99,0.26,1.0,51.06,212.5,Recycling
Wood,4211.6,95.74,11.62,5.75,1.0,93.4,98.8,Reuse
Industrial Residue,171.4,43.08,64.45,48.93,7.0,436.96,58.4,Disposal
Glass,453.7,79.28,12.76,6.97,1.0,149.38,37.6,Recycling
Organic,507.4,60.09,51.01,50.04,3.5,130.37,210.5,Energy Recovery
Industrial Residue,81.8,58.24,22.99,22.78,7.0,158.01,164.9,Material Recovery
Textile,62.2,49.14,53.88,14.26,14.0,166.51,237.4,Energy Recovery
Wood,4408.1,49.05,42.47,13.17,2.0,214.77,27.7,Energy Recovery
Wood,830.1,77.47,9.47,16.03,2.0,23.14,167.7,Reuse
Organic,282.0,63.51,25.47,47.73,3.5,214.22,225.1,Energy Recovery
Plastic,91.2,77.35,17.73,24.36,0.5,141.58,151.5,Recycling
Textile,15712.7,30.96,48.95,26.86,3.5,375.12,171.8,Disposal
Metal,7433.6,77.27,8.3,2.84,3.5,87.04,157.8,Reuse
Industrial Residue,7504.1,17.06,46.89,45.07,3.5,200.32,446.5,Disposal
Metal,6612.6,61.54,28.52,6.97,0.5,331.85,16.6,Material Recovery
Wood,1247.9,53.22,43.33,28.44,1.0,98.05,242.5,Energy Recovery
Textile,38690.4,77.77,11.66,4.04,1.0,19.21,81.0,Reuse
Paper,339.5,93.9,10.29,5.64,0.5,114.71,154.0,Recycling
E-waste,1127.0,72.78,39.0,13.85,2.0,180.31,193.2,Material Recovery
Construction,14930.3,96.92,10.05,5.37,2.0,78.55,135.6,Reuse
Industrial Residue,1380.1,17.43,76.93,30.8,5.0,349.61,289.3,Disposal
Plastic,7643.9,64.56,17.52,4.72,3.5,326.3,228.7,Material Recovery
Glass,533.3,74.41,7.46,9.12,1.0,144.22,183.0,Recycling
Wood,524.2,79.33,8.58,6.25,0.25,83.94,104.1,Reuse
Metal,140.8,63.24,16.38,9.59,5.0,150.62,167.4,Material Recovery
Plastic,2271.1,83.13,8.09,25.79,3.5,91.39,138.1,Recycling
Construction,4937.5,39.65,61.59,72.99,1.0,234.5,190.0,Disposal
Construction,896.9,9.89,62.78,77.23,2.0,341.04,407.1,Disposal
Construction,66.9,82.04,1.0,4.39,7.0,53.81,178.1,Reuse
Wood,4586.1,73.24,48.87,20.59,5.0,130.92,142.8,Energy Recovery
Wood,1160.1,97.68,9.86,10.35,1.0,37.48,174.8,Reuse
Paper,6002.1,86.69,4.23,19.0,0.25,55.96,83.6,Recycling
Metal,4683.7,94.99,23.48,1.0,1.0,150.2,230.1,Recycling
E-waste,32528.4,60.92,30.87,5.31,2.0,168.26,209.7,Material Recovery
Metal,185.9,65.5,20.84,6.97,0.5,189.96,238.4,Material Recovery
E-waste,8923.9,53.81,32.11,10.2,0.5,175.92,91.4,Material Recovery
Metal,261.7,57.27,17.08,0.36,0.25,146.21,319.0,Material Recovery
Organic,142.9,7.4,64.1,51.91,1.0,172.13,417.1,Disposal
Plastic,12364.4,94.89,8.39,24.01,1.0,153.3,212.9,Recycling
Wood,681.1,62.84,39.76,37.53,1.0,157.33,228.2,Energy Recovery
E-waste,336.3,82.2,24.71,15.33,3.5,283.64,141.0,Material Recovery
Glass,2492.6,92.63,23.35,2.21,7.0,58.99,188.9,Recycling
Construction,40376.4,92.24,2.28,6.04,2.0,56.09,135.9,Reuse
Wood,15678.9,78.66,11.11,2.14,0.5,18.21,134.3,Reuse
Wood,35659.9,54.88,26.79,19.91,1.0,111.39,40.3,Energy Recovery
Wood,658.4,40.92,49.59,17.2,1.0,119.73,273.9,Energy Recovery
Textile,337.2,46.53,53.4,8.61,3.5,144.38,246.2,Energy Recovery
Plastic,42418.9,74.29,43.1,15.7,2.0,83.35,235.8,Energy Recovery
Plastic,286.3,84.1,9.15,15.14,0.5,11.65,99.4,Reuse
Metal,2691.3,73.16,5.28,7.12,0.25,101.45,96.4,Recycling
Textile,4049.5,17.18,65.74,30.03,1.0,469.73,180.5,Disposal
Plastic,50.4,71.98,8.38,15.69,5.0,67.2,41.3,Recycling
E-waste,890.4,78.84,22.44,29.33,5.0,310.05,84.1,Material Recovery
Textile,272.9,22.56,66.2,71.14,5.0,269.22,237.2,Disposal
Construction,15424.6,98.35,4.85,10.38,2.0,83.25,106.0,Reuse
Construction,26859.8,84.64,8.39,9.33,0.25,16.87,111.5,Reuse
Metal,12598.4,56.27,16.16,5.41,5.0,181.07,230.1,Material Recovery
Plastic,48194.7,44.79,22.42,14.15,0.25,186.75,166.9,Energy Recovery
Glass,172.0,81.18,17.07,3.48,2.0,111.39,184.7,Recycling
Plastic,9758.1,74.82,15.55,10.13,2.0,109.49,129.7,Recycling
Plastic,11376.2,81.98,27.51,26.34,1.0,239.29,188.2,Material Recovery
Metal,88.7,77.47,20.8,4.89,0.25,142.74,80.1,Recycling
E-waste,10988.2,71.04,31.47,9.41,1.0,264.83,163.7,Material Recovery
Construction,356.0,12.47,48.54,82.78,1.0,371.06,50.1,Disposal
Plastic,1610.5,49.37,43.46,20.73,2.0,181.04,111.0,Energy Recovery
Metal,39143.1,67.24,15.36,4.35,1.0,75.23,85.6,Recycling
Textile,4633.7,21.15,65.69,59.8,2.0,324.05,347.3,Disposal
Metal,129.4,59.93,13.62,8.54,1.0,204.11,188.7,Material Recovery
Textile,2874.0,30.78,91.76,48.86,5.0,325.93,101.2,Disposal
Industrial Residue,112.7,8.56,63.76,81.83,3.5,299.25,415.6,Disposal
Rubber,1188.8,39.73,47.86,27.02,3.5,208.62,50.2,Energy Recovery
Rubber,3705.4,40.97,28.12,5.5,2.0,95.12,104.6,Energy Recovery
Textile,13789.7,82.43,4.83,14.46,3.5,80.46,134.3,Reuse
Textile,159.7,8.2,94.6,48.89,1.0,321.69,336.0,Disposal
Wood,2243.8,97.16,5.6,15.64,0.25,94.94,151.3,Reuse
E-waste,967.2,54.95,27.42,15.69,2.0,139.92,193.1,Material Recovery
E-waste,216.0,54.62,14.31,23.95,0.5,193.31,233.8,Material Recovery
Organic,140.1,45.02,34.5,60.1,2.0,218.59,189.4,Energy Recovery
Plastic,3171.2,95.83,8.79,17.46,1.0,59.12,42.2,Reuse
Glass,35194.1,70.87,6.14,3.05,1.0,123.73,203.0,Recycling
Glass,1062.0,81.53,8.11,4.86,1.0,74.17,24.9,Reuse
E-waste,7322.8,54.57,16.21,26.22,0.5,250.5,72.2,Material Recovery
Paper,1590.0,76.73,19.45,17.3,1.0,43.32,35.1,Recycling
Paper,1894.3,69.12,7.99,25.0,2.0,148.29,200.8,Recycling
Wood,289.0,86.28,7.81,17.68,0.25,77.02,65.3,Reuse
Plastic,20153.5,80.84,4.85,7.5,5.0,104.19,21.2,Recycling
Wood,33196.4,82.1,1.96,8.15,3.5,86.74,112.7,Reuse
Wood,710.3,59.83,38.27,37.14,1.0,198.37,169.6,Energy Recovery
Plastic,256.1,52.41,47.13,22.97,3.5,73.24,261.3,Energy Recovery
Industrial Residue,4483.5,71.59,17.07,15.36,0.25,311.61,93.0,Material Recovery
Plastic,129.9,85.8,14.22,12.87,1.0,65.08,162.5,Recycling
Wood,59.3,63.13,49.74,29.66,2.0,191.21,246.0,Energy Recovery
Plastic,38974.5,84.64,34.87,12.48,14.0,214.15,55.7,Material Recovery
Metal,289.9,56.56,34.97,9.26,7.0,212.92,136.1,Material Recovery
Plastic,1004.0,65.28,7.43,15.0,3.5,116.39,215.9,Recycling
E-waste,7847.6,68.1,18.62,5.57,1.0,212.49,196.5,Material Recovery
Industrial Residue,14018.3,12.87,61.79,43.16,3.5,247.83,323.4,Disposal
Metal,12372.4,69.34,16.09,3.91,2.0,330.83,58.9,Material Recovery
Paper,27362.0,44.94,83.37,69.39,0.25,255.83,373.6,Disposal
Organic,714.1,61.5,35.57,40.27,7.0,202.79,51.7,Energy Recovery
Plastic,353.8,38.39,83.14,80.57,5.0,356.14,347.5,Disposal
Textile,1920.3,41.37,45.4,41.79,7.0,384.09,211.9,Disposal
Wood,70.3,88.58,8.39,13.66,2.0,52.22,163.2,Reuse
Construction,30337.1,96.39,10.29,13.1,2.0,77.46,94.0,Reuse
Construction,12248.3,80.13,5.94,16.32,0.5,17.21,95.2,Reuse
Rubber,9012.2,59.88,21.56,7.53,3.5,194.76,64.5,Energy Recovery
Textile,2501.5,40.2,42.29,34.7,7.0,212.32,197.8,Energy Recovery
Glass,4355.3,95.12,7.72,9.03,1.0,47.47,106.4,Reuse
Industrial Residue,1682.1,23.83,78.84,28.89,3.5,366.42,238.9,Disposal
Industrial Residue,703.8,72.09,12.34,28.1,1.0,119.47,179.7,Material Recovery
Metal,6361.4,94.15,4.41,8.8,1.0,10.86,170.9,Reuse
Textile,499.6,15.25,49.86,28.53,1.0,450.63,448.6,Disposal
Paper,2888.3,82.82,7.55,24.63,1.0,62.07,224.7,Recycling
Industrial Residue,185.7,10.47,68.93,34.28,0.25,320.22,331.9,Disposal
E-waste,2092.7,84.64,40.35,15.96,1.0,319.61,265.7,Material Recovery
E-waste,695.2,82.7,31.48,11.17,14.0,132.91,111.2,Material Recovery
Construction,10102.7,80.69,36.85,7.78,1.0,287.38,150.1,Material Recovery
Plastic,2281.3,32.63,85.23,39.38,1.0,466.71,176.0,Disposal
Plastic,1216.3,83.83,11.39,17.74,1.0,42.46,97.3,Reuse
Plastic,4591.2,91.88,7.53,17.78,0.25,79.45,57.4,Reuse
E-waste,243.1,55.2,15.93,21.85,0.5,172.09,86.9,Material Recovery
Wood,5950.3,42.13,42.87,25.17,2.0,193.84,57.9,Energy Recovery
Paper,17410.2,30.92,59.71,26.42,1.0,237.52,251.9,Disposal
Construction,47651.5,80.69,7.08,10.77,1.0,93.13,120.2,Reuse
E-waste,632.8,49.51,22.67,8.29,2.0,163.59,262.4,Material Recovery
Metal,12421.3,84.82,5.71,6.19,3.5,51.08,47.0,Recycling
Wood,173.1,77.41,2.73,4.87,0.25,55.4,53.0,Reuse
Metal,2354.3,92.44,15.25,9.68,0.5,72.79,58.8,Recycling
Organic,384.4,7.63,79.56,66.88,1.0,190.67,343.3,Disposal
Paper,1187.1,76.92,10.52,9.18,5.0,146.18,159.5,Recycling
Organic,10110.7,72.99,32.01,45.66,5.0,156.13,188.1,Energy Recovery
Textile,21624.8,41.51,20.16,15.55,0.5,87.76,83.6,Energy Recovery
Plastic,142.1,90.64,4.2,9.09,0.25,18.8,162.3,Reuse
Industrial Residue,3676.4,54.82,22.73,17.57,5.0,131.38,263.6,Material Recovery
E-waste,119.5,73.78,33.04,28.54,1.0,335.79,255.5,Material Recovery
Metal,24603.6,72.83,26.77,9.85,5.0,222.89,315.2,Material Recovery
Paper,94.1,76.92,13.78,19.19,2.0,64.96,222.5,Recycling
Plastic,995.1,90.36,2.59,17.43,5.0,14.71,26.7,Reuse
Metal,1485.3,65.89,9.47,9.93,1.0,167.05,113.6,Recycling
Construction,320.0,86.6,5.51,13.43,5.0,80.61,20.2,Reuse
Glass,2042.1,91.47,17.09,4.71,5.0,98.18,221.8,Recycling
Industrial Residue,33956.9,10.82,45.51,73.37,0.5,260.74,442.2,Disposal
Metal,279.1,76.02,14.86,6.62,1.0,265.55,132.4,Material Recovery
Glass,691.1,77.53,7.05,3.3,5.0,107.41,167.1,Recycling
Glass,51.1,78.77,2.5,0.75,2.0,60.47,56.0,Reuse
Industrial Residue,903.8,28.14,94.12,61.97,0.5,305.38,359.4,Disposal
Textile,24141.2,10.69,75.07,27.92,5.0,228.99,372.2,Disposal
Plastic,10747.8,47.94,23.99,7.44,1.0,116.55,26.2,Energy Recovery
Rubber,2837.8,39.89,47.85,15.87,1.0,187.22,73.7,Energy Recovery
Metal,97.5,89.19,22.2,1.07,0.5,65.91,136.3,Recycling
Metal,4217.8,72.72,20.43,9.67,2.0,62.71,200.8,Recycling
Metal,2784.0,80.32,8.46,3.06,2.0,55.13,79.5,Reuse
Rubber,97.1,44.43,22.35,22.5,1.0,189.39,155.7,Energy Recovery
Industrial Residue,274.6,55.84,30.48,26.81,0.25,288.66,113.6,Material Recovery
Plastic,375.3,74.43,23.29,27.19,3.5,106.29,148.2,Recycling
Textile,33556.0,90.82,23.21,11.71,1.0,53.64,82.4,Recycling
Paper,447.8,73.67,8.15,20.33,1.0,166.05,200.9,Recycling
Plastic,488.6,88.35,7.24,10.55,0.5,40.06,121.4,Reuse
Organic,5431.6,56.07,22.54,54.88,2.0,109.68,177.7,Energy Recovery
Organic,5979.0,74.02,25.48,38.56,0.25,83.21,239.9,Energy Recovery
Construction,5028.0,81.8,8.3,9.27,0.25,43.6,109.9,Reuse
Wood,1209.8,48.5,18.73,15.76,5.0,156.57,253.4,Energy Recovery
Construction,25809.9,75.23,1.37,16.01,2.0,80.94,106.9,Reuse
Rubber,844.5,67.07,22.68,2.83,3.5,143.39,244.8,Recycling
Glass,717.1,82.53,7.47,5.11,2.0,31.65,129.0,Reuse
Construction,659.8,42.03,92.95,83.23,2.0,365.14,273.0,Disposal
Organic,1161.4,70.62,23.36,60.98,1.0,83.19,204.4,Energy Recovery
E-waste,3479.2,84.81,32.27,24.57,3.5,234.54,27.9,Material Recovery
Industrial Residue,16776.0,43.0,52.15,74.23,0.5,165.78,63.2,Disposal
Plastic,10854.6,74.57,8.38,25.29,0.25,173.86,137.1,Recycling
E-waste,82.0,73.25,29.15,30.32,0.5,162.49,111.6,Material Recovery
Industrial Residue,36133.7,36.41,92.03,34.22,1.0,361.55,279.3,Disposal
Metal,98.4,77.66,34.85,6.97,0.5,219.74,85.9,Material Recovery
Wood,90.1,92.32,9.43,10.65,0.25,23.38,113.1,Reuse
Plastic,59.5,66.11,51.79,19.64,2.0,145.01,61.4,Energy Recovery
E-waste,308.3,77.48,23.69,15.73,1.0,165.1,248.2,Material Recovery
Industrial Residue,6200.3,26.78,85.21,64.12,5.0,410.1,193.9,Disposal
Industrial Residue,144.0,73.02,18.82,11.45,14.0,319.24,115.4,Material Recovery
Glass,7232.1,82.92,4.11,8.48,1.0,36.29,76.5,Reuse
Rubber,391.9,68.07,20.6,21.53,14.0,100.71,93.7,Recycling
Industrial Residue,483.7,42.5,84.93,52.24,0.5,192.86,275.9,Disposal
Glass,8117.3,75.6,3.66,2.23,3.5,85.84,20.2,Reuse
Rubber,117.7,44.1,22.18,37.49,0.5,83.11,215.8,Energy Recovery
Wood,1178.5,76.15,5.33,14.5,0.5,86.94,109.4,Reuse
Metal,3597.0,51.58,16.73,0.91,7.0,339.3,205.7,Material Recovery
Plastic,92.5,94.47,7.36,25.02,3.5,126.28,222.8,Recycling
Plastic,1323.5,74.02,30.26,28.28,1.0,220.48,274.8,Energy Recovery
E-waste,245.4,73.35,41.83,24.98,1.0,329.75,172.5,Material Recovery
Plastic,21678.6,68.05,36.36,23.4,5.0,297.42,24.0,Material Recovery
Wood,5783.0,91.97,8.58,8.72,7.0,76.97,114.4,Reuse
Construction,588.2,44.81,92.29,27.45,3.5,315.26,232.0,Disposal
Plastic,2120.4,86.61,13.77,25.84,2.0,47.93,18.1,Recycling
Industrial Residue,89.5,54.43,18.74,33.37,2.0,207.42,253.2,Energy Recovery
Wood,3757.4,56.6,25.4,18.28,2.0,189.79,58.8,Energy Recovery
Plastic,9975.2,96.21,0.93,6.72,0.5,42.02,33.4,Reuse
Metal,198.2,75.17,22.78,7.55,2.0,107.51,20.9,Recycling
Textile,1838.0,76.04,9.51,15.74,2.0,91.94,15.6,Reuse
Plastic,59.5,98.43,9.82,15.98,3.5,38.24,167.9,Reuse
Plastic,3767.4,36.03,76.6,70.85,2.0,187.37,46.1,Disposal
Plastic,926.7,85.87,20.34,27.69,0.5,49.56,101.9,Recycling
E-waste,15486.4,72.82,35.43,30.97,5.0,272.06,212.5,Material Recovery
Industrial Residue,81.5,80.95,19.97,5.26,1.0,327.26,308.0,Material Recovery
Glass,87.0,76.1,3.12,2.89,1.0,18.59,53.6,Reuse
Construction,7607.5,97.18,6.47,14.62,0.25,61.21,148.9,Reuse
Construction,1612.2,29.15,92.9,60.25,3.5,248.14,23.2,Disposal
Wood,33844.4,49.54,42.32,7.98,3.5,83.9,40.2,Energy Recovery
Plastic,3302.0,74.99,13.47,13.88,2.0,84.28,157.1,Recycling
Industrial Residue,256.4,28.71,87.39,80.91,0.25,392.0,153.9,Disposal
Industrial Residue,9357.1,8.71,73.14,56.28,0.5,168.93,362.5,Disposal
Metal,1347.8,75.62,13.8,8.14,2.0,213.47,117.1,Material Recovery
Wood,1803.5,68.08,19.57,37.86,1.0,184.98,160.6,Energy Recovery
Wood,5721.5,55.27,29.99,5.2,1.0,183.15,176.3,Energy Recovery
Metal,1863.7,73.24,31.08,5.64,2.0,181.22,120.9,Material Recovery
E-waste,321.8,69.4,17.58,7.17,3.5,277.23,86.0,Material Recovery
E-waste,1899.2,77.01,27.95,9.87,1.0,253.82,69.6,Material Recovery
Plastic,3011.9,40.6,25.14,28.75,2.0,70.71,155.9,Energy Recovery
Metal,19006.7,90.15,3.13,9.05,0.25,30.23,122.1,Reuse
E-waste,39444.2,72.58,31.0,16.51,1.0,118.68,75.8,Material Recovery
Glass,2641.0,97.77,4.78,7.63,2.0,43.83,118.7,Reuse
E-waste,12542.6,67.74,22.26,13.66,14.0,216.65,256.4,Material Recovery
Plastic,7219.5,31.6,57.67,66.24,2.0,282.08,158.3,Disposal
Industrial Residue,24580.6,27.81,54.66,53.55,0.5,459.58,97.3,Disposal
Construction,184.5,88.04,5.74,6.47,3.5,58.6,45.9,Reuse
Metal,136.2,96.61,0.53,8.58,0.5,31.31,35.5,Reuse
Industrial Residue,4954.3,19.9,83.5,46.64,0.5,401.12,201.3,Disposal
Paper,8463.6,81.13,7.36,13.89,3.5,114.21,37.2,Recycling
Paper,27194.3,36.28,72.41,50.43,2.0,160.32,219.8,Disposal
E-waste,3148.3,58.33,17.4,33.71,2.0,114.28,234.5,Material Recovery
Paper,20262.8,79.75,17.92,4.55,0.5,171.52,116.3,Recycling
Construction,416.4,82.71,1.42,12.24,2.0,46.22,125.7,Reuse
Wood,446.5,58.12,25.24,27.49,2.0,215.24,92.2,Energy Recovery
Metal,149.7,98.36,7.5,2.39,2.0,56.94,21.3,Reuse
Industrial Residue,4211.1,7.46,83.72,64.61,5.0,178.5,291.6,Disposal
Construction,1447.4,68.65,22.59,30.9,2.0,248.97,168.1,Material Recovery
Plastic,3863.1,59.48,22.04,29.08,14.0,142.22,195.9,Energy Recovery
Textile,226.8,31.0,63.82,29.04,1.0,351.64,442.7,Disposal
Organic,21823.0,72.94,22.38,43.89,3.5,190.12,247.6,Energy Recovery
Wood,186.5,83.14,10.41,5.23,1.0,45.86,53.7,Reuse
Organic,16051.8,32.13,47.92,63.91,5.0,295.06,104.0,Disposal
E-waste,203.4,77.42,38.18,10.41,1.0,252.28,62.6,Material Recovery
Plastic,1250.5,56.34,54.03,29.94,0.5,198.18,258.3,Energy Recovery
Construction,648.0,84.79,11.44,1.56,1.0,90.8,154.7,Reuse
Textile,8322.8,82.33,7.64,11.36,7.0,27.66,41.9,Reuse
Textile,55.2,94.31,4.71,14.44,2.0,48.66,122.7,Reuse
Metal,98.1,97.71,4.0,4.93,5.0,21.53,84.4,Reuse
Metal,11919.0,76.13,1.76,6.27,1.0,15.4,71.8,Reuse
Plastic,1341.9,61.4,43.36,23.88,5.0,146.14,115.7,Energy Recovery
Industrial Residue,258.7,82.59,34.27,21.4,3.5,293.73,102.7,Material Recovery
Plastic,85.3,78.04,12.42,14.59,1.0,73.29,160.0,Recycling
Glass,3357.1,66.12,9.51,1.44,3.5,45.24,223.5,Recycling
Industrial Residue,659.8,84.57,35.85,26.61,7.0,237.31,184.3,Material Recovery
Industrial Residue,94.6,51.08,26.36,29.52,5.0,76.1,100.9,Energy Recovery
Industrial Residue,1894.8,7.56,65.36,73.45,5.0,441.36,217.9,Disposal
Metal,972.1,87.37,3.28,1.44,2.0,30.45,77.9,Reuse
Wood,133.9,59.53,20.02,22.06,5.0,136.79,205.1,Energy Recovery
Metal,208.9,83.98,7.32,1.39,1.0,48.01,94.2,Recycling
E-waste,15225.3,67.29,15.91,22.71,5.0,288.22,213.0,Material Recovery
Industrial Residue,49250.1,75.23,33.64,24.32,1.0,206.27,133.4,Material Recovery
Industrial Residue,20246.1,11.87,69.33,66.51,7.0,352.6,229.3,Disposal
Construction,14844.5,96.97,3.05,2.07,5.0,35.69,76.5,Reuse
Glass,105.0,97.53,2.04,1.15,2.0,33.15,110.8,Reuse
Plastic,76.4,84.81,8.42,9.81,7.0,158.76,228.8,Recycling
Construction,10884.9,66.3,21.49,26.19,2.0,255.14,68.9,Material Recovery
Wood,104.2,40.2,35.42,27.29,0.25,132.5,58.3,Energy Recovery
Plastic,3215.1,80.67,2.18,4.35,3.5,65.72,36.0,Reuse
Plastic,7085.4,63.72,25.71,28.22,0.5,205.33,297.6,Material Recovery
Wood,1886.7,59.46,45.47,24.6,5.0,193.78,150.6,Energy Recovery
Textile,42040.2,80.59,18.02,11.68,0.5,52.9,42.0,Recycling
Paper,55.9,18.67,68.45,60.97,3.5,366.86,20.9,Disposal
Glass,105.9,89.03,9.96,9.4,1.0,12.13,159.7,Reuse
Organic,43707.1,40.96,39.23,35.14,0.25,140.01,217.5,Energy Recovery
Textile,275.4,46.17,45.01,29.29,1.0,158.51,250.8,Energy Recovery
E-waste,1241.9,78.89,34.0,13.02,2.0,201.26,168.2,Material Recovery
Industrial Residue,33379.9,14.61,86.28,64.65,14.0,479.26,399.1,Disposal
Wood,2258.4,95.03,11.77,5.14,1.0,88.36,93.9,Reuse
Plastic,85.6,87.51,7.71,5.67,1.0,33.1,60.9,Reuse
Textile,1453.7,28.83,73.27,42.45,2.0,349.13,282.9,Disposal
Construction,40778.9,50.99,26.75,11.47,0.25,161.22,211.2,Material Recovery
Rubber,34353.2,70.23,45.22,6.81,3.5,210.96,40.0,Energy Recovery
Metal,26167.9,87.25,1.81,5.1,1.0,71.83,148.3,Reuse
Construction,4616.8,85.97,8.81,7.97,0.5,49.91,174.6,Reuse
Industrial Residue,8831.4,9.59,91.77,44.63,2.0,181.84,255.8,Disposal
Plastic,749.6,86.86,22.98,26.67,14.0,170.3,17.8,Recycling
Plastic,14789.2,62.53,21.55,24.14,0.25,148.09,110.7,Energy Recovery
Organic,38171.9,53.77,45.15,46.79,3.5,109.17,19.5,Energy Recovery
Rubber,3276.5,69.63,17.17,20.74,5.0,116.09,208.1,Recycling
Paper,1064.5,73.63,18.28,11.01,1.0,104.68,58.5,Recycling
Paper,43620.8,89.47,11.37,19.52,2.0,147.56,184.1,Recycling
Organic,6063.7,69.73,41.24,48.33,0.5,147.13,165.3,Energy Recovery
Industrial Residue,32918.8,44.55,22.2,20.79,2.0,223.05,66.6,Energy Recovery
Construction,152.5,48.9,13.29,21.78,2.0,119.01,189.5,Material Recovery
Industrial Residue,361.2,64.7,34.44,30.08,5.0,295.91,174.4,Material Recovery
Plastic,4247.1,98.39,9.91,11.43,0.25,88.97,150.2,Reuse
E-waste,326.5,74.19,12.25,16.05,5.0,261.82,278.6,Material Recovery
Construction,2004.6,81.84,9.11,8.63,1.0,78.73,87.1,Reuse
Wood,1428.1,67.31,27.67,28.13,3.5,206.54,102.6,Energy Recovery
Metal,42527.7,52.16,28.13,7.03,3.5,258.71,301.6,Material Recovery
Metal,28596.1,67.86,23.26,7.86,14.0,157.05,40.5,Recycling
Glass,23674.3,98.71,7.35,9.5,2.0,71.14,93.3,Reuse
Metal,550.0,61.34,23.8,1.57,1.0,253.8,87.0,Material Recovery
Plastic,426.3,81.1,16.32,9.21,2.0,67.43,203.9,Recycling
Glass,4495.2,77.38,8.57,8.53,3.5,71.27,42.6,Reuse
Paper,476.5,8.06,50.37,70.99,2.0,240.89,237.6,Disposal
Metal,16976.6,52.09,27.35,6.62,1.0,258.89,200.8,Material Recovery
Plastic,29825.2,65.34,19.6,29.43,0.5,193.53,141.0,Energy Recovery
Organic,805.4,31.41,71.51,51.86,3.5,337.16,150.9,Disposal
Organic,99.4,64.14,26.95,50.97,2.0,62.38,68.6,Energy Recovery
Glass,2045.1,88.72,11.19,8.96,2.0,51.47,194.5,Recycling
E-waste,61.1,73.06,15.94,29.99,3.5,307.88,114.2,Material Recovery
Plastic,687.0,80.85,5.84,11.38,0.25,82.33,36.8,Reuse
Organic,100.0,52.55,52.25,36.14,5.0,164.12,220.0,Energy Recovery
Industrial Residue,57.6,75.11,20.07,16.69,3.5,286.54,17.7,Material Recovery
Industrial Residue,642.5,40.54,69.29,51.77,2.0,348.24,243.1,Disposal
Organic,744.6,39.68,94.99,46.64,2.0,220.27,66.7,Disposal
Textile,2388.1,33.3,73.61,32.43,0.5,357.99,268.0,Disposal
Construction,596.8,75.14,17.44,15.77,0.25,267.43,270.8,Material Recovery
Textile,813.0,18.59,66.38,66.15,3.5,332.03,160.2,Disposal
Wood,3242.7,41.85,30.71,34.25,3.5,168.46,175.1,Energy Recovery
Plastic,32877.1,21.69,69.14,54.69,1.0,383.2,28.9,Disposal
Metal,7713.1,85.35,5.37,4.67,3.5,93.65,22.2,Reuse
Glass,610.2,87.63,7.93,4.23,1.0,25.32,42.5,Reuse
Industrial Residue,385.9,41.12,87.92,56.39,0.25,184.49,39.4,Disposal
Plastic,14717.5,88.25,20.47,11.54,0.25,137.06,141.1,Recycling
Construction,286.5,73.89,30.03,4.26,5.0,180.26,309.9,Material Recovery
Metal,3501.4,53.98,14.89,4.76,0.25,290.29,168.5,Material Recovery
Metal,24205.4,83.83,10.73,7.43,1.0,92.77,91.8,Reuse
Construction,8972.1,80.86,8.04,1.09,3.5,19.06,79.4,Reuse
Paper,32785.5,94.67,14.87,14.84,5.0,103.18,56.3,Recycling
Metal,11187.0,65.8,13.49,9.67,3.5,117.98,183.1,Recycling
Plastic,2306.5,89.76,6.33,8.87,3.5,86.15,83.7,Reuse
Rubber,17160.9,67.07,13.3,9.34,1.0,114.67,11.9,Recycling
Wood,18211.4,75.14,4.55,13.81,7.0,45.62,135.8,Reuse
Textile,12628.5,86.43,14.04,25.41,3.5,123.74,38.9,Recycling
Wood,2378.9,59.77,31.53,10.78,0.25,180.59,65.3,Energy Recovery
Plastic,476.4,68.05,21.44,6.86,2.0,75.42,217.0,Recycling
Industrial Residue,289.3,67.3,23.11,21.2,1.0,189.2,230.2,Material Recovery
Glass,275.1,85.8,16.2,1.92,2.0,70.36,243.5,Recycling
Organic,4960.7,71.51,32.51,54.59,3.5,210.01,132.4,Energy Recovery
Plastic,2851.7,24.29,62.09,61.51,1.0,364.99,119.9,Disposal
E-waste,108.9,62.95,34.73,30.44,0.25,328.26,297.7,Material Recovery
Plastic,5504.0,44.02,31.05,13.82,1.0,70.77,103.2,Energy Recovery
Textile,695.3,94.35,15.44,6.41,0.5,80.65,128.3,Recycling
Construction,2763.5,19.84,94.37,58.57,1.0,321.2,420.0,Disposal
Organic,4311.0,42.05,42.8,36.21,1.0,133.89,100.3,Energy Recovery
E-waste,38892.2,81.19,39.45,14.79,1.0,249.46,74.3,Material Recovery
Paper,2502.8,89.85,10.76,17.03,2.0,86.4,173.8,Recycling
Plastic,37432.0,49.66,39.81,19.51,0.5,120.32,112.5,Energy Recovery
Plastic,614.9,39.94,22.22,19.83,2.0,125.29,223.6,Energy Recovery
Glass,1464.2,79.89,7.79,2.64,5.0,81.92,21.2,Reuse
Wood,34537.1,36.31,33.76,13.9,2.0,195.06,222.7,Energy Recovery
Plastic,68.6,43.69,75.51,69.89,1.0,358.29,150.1,Disposal
Metal,3584.1,75.5,4.23,8.01,5.0,88.18,20.4,Reuse
Glass,44753.3,75.65,16.94,0.44,3.5,93.95,190.6,Recycling
Construction,1147.6,29.08,86.48,69.27,0.25,176.67,295.9,Disposal
Plastic,771.4,80.84,7.27,9.91,1.0,38.86,63.3,Reuse
Metal,24822.5,80.11,25.37,0.44,0.5,228.2,304.2,Material Recovery
Organic,12517.7,67.71,21.93,48.92,1.0,196.76,125.1,Energy Recovery
Industrial Residue,12933.9,65.56,18.05,24.36,1.0,117.73,197.9,Material Recovery
Glass,3524.0,92.99,17.92,1.37,2.0,72.73,170.8,Recycling
Plastic,13984.5,75.77,4.19,5.55,7.0,108.23,128.8,Recycling
Metal,2674.7,75.45,11.09,8.62,2.0,70.31,78.1,Reuse
Rubber,4467.5,69.29,14.61,2.22,1.0,137.53,160.7,Recycling
Metal,2863.0,73.66,30.55,7.56,3.5,126.7,298.1,Material Recovery
E-waste,10640.4,81.74,40.55,5.74,0.25,218.13,73.6,Material Recovery
Industrial Residue,209.6,18.09,73.66,36.37,2.0,460.46,71.9,Disposal
E-waste,4185.9,52.32,13.92,34.64,5.0,170.06,231.9,Material Recovery
Metal,264.5,76.9,10.51,6.2,5.0,22.17,85.7,Reuse
Paper,2644.8,84.38,22.16,4.33,2.0,137.62,234.8,Recycling
Rubber,101.2,40.73,32.82,24.49,7.0,226.24,27.5,Energy Recovery
Industrial Residue,121.0,17.53,88.23,28.9,5.0,301.41,149.6,Disposal
Rubber,35601.4,72.54,42.29,32.57,2.0,180.37,42.4,Energy Recovery
Industrial Residue,1192.0,37.07,66.08,49.56,5.0,414.27,175.6,Disposal
Glass,259.3,75.62,0.67,7.9,1.0,24.81,14.2,Reuse
Plastic,418.8,40.22,24.37,6.65,3.5,137.55,56.1,Energy Recovery
Paper,295.1,72.96,8.99,3.76,0.5,40.17,102.6,Recycling
Metal,36645.0,73.87,5.09,8.98,2.0,55.22,129.9,Recycling
Plastic,858.7,53.23,39.61,7.5,0.25,170.17,110.8,Material Recovery
Textile,1642.0,86.14,9.48,23.41,2.0,56.72,17.3,Recycling
Metal,60.1,79.82,2.1,7.9,2.0,41.36,145.6,Reuse
E-waste,328.4,59.58,31.11,23.15,2.0,153.19,20.9,Material Recovery
Textile,62.6,54.66,23.09,11.38,3.5,62.55,82.9,Energy Recovery
Metal,70.9,90.43,2.06,4.62,1.0,27.99,62.2,Reuse
Rubber,4466.7,71.07,17.77,5.43,0.5,165.92,75.8,Recycling
Construction,60.2,75.72,3.01,9.59,0.5,65.24,100.4,Reuse
Organic,2256.0,68.26,37.45,49.9,3.5,79.37,134.3,Energy Recovery
E-waste,162.5,71.32,31.91,5.35,1.0,291.51,203.5,Material Recovery
Glass,2909.4,77.59,12.29,1.48,3.5,166.85,232.0,Recycling
Plastic,1350.3,84.66,18.07,2.03,0.5,70.54,173.2,Recycling
Industrial Residue,5894.0,40.11,58.64,34.07,2.0,374.24,323.8,Disposal
Rubber,7869.6,67.23,7.4,11.76,2.0,161.25,32.3,Recycling
E-waste,1063.2,87.51,30.49,34.69,0.5,120.32,264.5,Material Recovery
Industrial Residue,1002.7,56.31,40.73,30.38,2.0,166.55,151.0,Energy Recovery
Rubber,41758.0,46.27,51.36,22.73,0.5,96.38,146.1,Energy Recovery
Construction,1702.1,19.06,77.24,60.11,0.25,396.54,262.1,Disposal
Organic,821.5,48.0,34.93,41.91,0.25,185.01,112.7,Energy Recovery
Plastic,11999.6,65.29,19.57,8.56,2.0,70.08,42.1,Energy Recovery
Metal,328.0,86.02,18.71,3.18,0.25,67.37,197.2,Recycling
Construction,1231.9,22.04,47.06,45.5,1.0,379.6,86.7,Disposal
Wood,4072.4,94.17,7.48,6.99,2.0,67.61,131.2,Reuse
Industrial Residue,887.1,12.98,75.89,31.05,14.0,257.17,110.1,Disposal
Glass,6519.4,70.92,15.84,3.89,1.0,141.56,204.1,Recycling
Industrial Residue,1301.6,11.1,80.83,82.83,5.0,347.27,106.6,Disposal
Industrial Residue,180.7,42.94,67.98,73.86,0.25,218.47,346.4,Disposal
Textile,28767.7,70.25,21.64,6.57,14.0,93.59,128.9,Recycling
Paper,76.8,86.11,5.56,16.67,2.0,108.24,147.4,Recycling
Metal,3174.2,77.22,15.85,3.87,5.0,225.95,132.3,Material Recovery
Construction,337.2,48.87,36.66,25.38,2.0,237.95,297.4,Material Recovery
Textile,763.5,69.63,26.7,28.17,1.0,125.07,113.0,Energy Recovery
Rubber,108.3,46.24,49.74,5.47,0.5,160.6,50.8,Energy Recovery
Glass,539.0,68.03,9.72,5.36,1.0,91.71,126.5,Recycling
Construction,48486.7,10.21,88.67,61.0,1.0,376.7,199.9,Disposal
Industrial Residue,23065.7,36.47,57.51,67.34,1.0,418.21,280.9,Disposal
Rubber,33537.8,49.06,21.36,32.91,7.0,119.13,53.4,Energy Recovery
Wood,136.8,71.82,32.97,21.48,2.0,114.44,11.2,Energy Recovery
Organic,359.8,14.8,54.0,49.19,1.0,363.39,136.9,Disposal
Textile,30186.8,25.51,77.83,72.15,0.5,182.83,36.5,Disposal
Industrial Residue,55.9,61.8,22.97,7.37,3.5,142.74,127.9,Energy Recovery
Metal,2465.5,78.66,1.95,6.69,1.0,69.45,139.2,Reuse
Rubber,909.4,69.75,24.62,28.5,1.0,190.67,130.5,Energy Recovery
Industrial Residue,60.0,35.73,79.52,78.24,3.5,377.8,189.5,Disposal
Metal,1409.5,56.15,27.7,2.59,3.5,142.51,228.1,Material Recovery
Rubber,53.4,93.86,22.52,24.8,2.0,54.49,245.9,Recycling
Paper,25457.9,67.34,11.46,15.05,0.5,148.59,245.5,Recycling
Plastic,20401.4,48.05,21.63,29.35,1.0,97.51,137.2,Energy Recovery
Construction,5133.3,77.19,4.5,6.67,5.0,38.03,126.4,Reuse
Construction,185.0,59.33,38.3,16.67,3.5,291.57,191.3,Material Recovery
Construction,431.5,14.73,85.65,28.63,1.0,467.12,344.4,Disposal
Textile,45822.3,42.2,65.3,43.49,5.0,160.51,50.0,Disposal
Construction,8487.5,80.3,32.54,12.82,5.0,204.97,275.3,Material Recovery
Glass,634.9,80.38,1.74,8.45,3.5,58.8,146.3,Reuse
Industrial Residue,48272.0,17.52,90.53,43.93,3.5,208.4,386.8,Disposal
Plastic,3100.5,85.91,8.12,11.91,0.25,76.88,47.6,Reuse
Wood,1762.6,63.0,51.47,23.96,7.0,143.42,127.7,Energy Recovery
Construction,5215.6,16.38,85.02,67.89,3.5,326.29,126.5,Disposal
Construction,6074.8,23.57,61.41,47.43,3.5,318.33,135.4,Disposal
Textile,865.3,93.36,17.36,21.87,5.0,71.24,179.7,Recycling
Organic,1062.5,40.88,38.91,60.39,3.5,184.38,253.0,Energy Recovery
Glass,7113.3,84.14,5.05,4.13,0.5,144.05,11.2,Recycling
Metal,3981.1,88.87,12.18,4.99,1.0,128.92,181.7,Recycling
Wood,16639.5,54.88,49.35,30.98,2.0,108.85,22.8,Energy Recovery
Paper,24609.0,72.13,18.91,25.94,0.25,150.35,82.7,Recycling
Metal,155.4,68.58,18.16,7.01,7.0,110.61,197.9,Recycling
Textile,85.4,86.67,3.11,3.34,5.0,18.6,139.9,Reuse
Construction,23488.9,91.21,3.2,3.04,1.0,60.53,113.4,Reuse
Plastic,66.6,61.65,23.68,12.85,1.0,81.5,80.3,Energy Recovery
Construction,4735.5,71.55,35.16,17.97,7.0,140.97,167.1,Material Recovery
Metal,137.0,94.11,3.87,3.75,2.0,58.1,143.7,Reuse
Metal,28068.4,93.15,5.91,6.52,0.5,59.75,116.1,Reuse
Organic,118.6,19.18,47.43,72.1,1.0,395.79,214.9,Disposal
Plastic,37029.8,36.64,51.96,26.03,1.0,216.07,241.8,Energy Recovery
Wood,105.7,54.38,28.32,30.34,1.0,144.54,179.7,Energy Recovery
Metal,7615.6,81.14,10.1,5.49,2.0,19.45,55.4,Reuse
Industrial Residue,224.8,41.65,80.6,68.34,2.0,477.56,257.7,Disposal
Paper,3117.1,89.47,18.63,10.29,3.5,83.29,82.4,Recycling
Plastic,7500.2,75.38,9.51,26.37,0.5,149.28,110.6,Recycling
Industrial Residue,1834.1,49.34,25.83,27.9,14.0,218.75,222.8,Material Recovery
Rubber,228.2,38.91,21.84,19.72,1.0,92.82,16.4,Energy Recovery
E-waste,1394.9,57.21,36.34,26.33,2.0,158.46,64.2,Material Recovery
Wood,39765.0,77.76,11.57,3.39,5.0,71.56,176.5,Reuse
Industrial Residue,42410.0,85.06,23.63,33.66,1.0,236.99,19.0,Material Recovery
Wood,31079.8,98.87,4.81,1.48,5.0,65.25,143.5,Reuse
E-waste,1450.7,50.69,14.95,26.49,1.0,139.49,214.9,Material Recovery
E-waste,80.7,81.25,39.43,21.19,0.5,178.0,95.3,Material Recovery
Organic,9989.1,73.44,20.98,47.87,2.0,90.03,20.6,Energy Recovery
Textile,6825.8,31.28,51.69,42.6,7.0,426.59,309.4,Disposal
Metal,257.5,78.17,23.88,7.76,5.0,119.37,94.2,Recycling
Textile,66.0,87.01,6.18,2.37,1.0,37.4,48.8,Reuse
Construction,3573.1,10.84,59.8,40.71,5.0,278.28,314.2,Disposal
E-waste,78.0,53.81,39.78,17.5,1.0,128.41,26.5,Material Recovery
Glass,10815.6,87.63,9.08,4.76,2.0,19.27,93.2,Reuse
Metal,22008.6,80.12,3.55,9.33,5.0,41.41,32.6,Reuse
Construction,2658.8,86.27,38.28,29.21,3.5,332.19,186.8,Material Recovery
Rubber,538.9,57.5,19.28,15.46,1.0,151.78,53.9,Energy Recovery
Industrial Residue,214.4,8.61,86.96,39.13,5.0,453.09,291.5,Disposal
Plastic,555.8,51.58,32.15,17.13,1.0,246.59,22.4,Material Recovery
Construction,123.0,7.75,93.71,76.94,1.0,298.3,325.2,Disposal
Metal,292.8,82.23,2.93,1.37,1.0,10.66,135.7,Reuse
Wood,6174.3,60.84,30.07,24.58,5.0,135.69,92.1,Energy Recovery
Wood,406.0,90.24,6.83,3.13,2.0,52.72,34.5,Reuse
Textile,9679.5,24.01,81.72,61.34,2.0,307.5,213.5,Disposal
Textile,698.6,37.78,85.47,26.19,5.0,402.83,416.3,Disposal
Textile,183.6,73.08,12.34,18.78,1.0,151.24,187.8,Recycling
Rubber,20764.9,38.78,45.85,22.94,5.0,176.44,91.3,Energy Recovery
Paper,179.0,18.26,82.74,37.32,14.0,276.1,51.7,Disposal
Textile,912.4,40.35,56.45,41.68,1.0,161.65,103.7,Disposal
Textile,10090.1,38.1,63.26,35.63,3.5,162.7,219.0,Disposal
Plastic,1414.2,74.38,41.03,26.81,1.0,160.33,163.7,Material Recovery
Metal,1107.4,57.4,25.77,8.01,5.0,212.83,51.2,Material Recovery
Textile,165.4,76.85,4.59,19.76,1.0,65.27,77.2,Recycling
Plastic,1852.3,89.55,9.59,4.84,2.0,47.63,155.5,Reuse
Construction,186.9,31.94,51.04,67.81,5.0,410.28,143.8,Disposal
Wood,54.2,48.35,38.74,26.04,1.0,107.88,223.4,Energy Recovery
Organic,61.1,65.54,30.66,54.88,5.0,97.8,241.3,Energy Recovery
E-waste,177.5,58.35,36.25,27.65,3.5,187.2,42.2,Material Recovery
Organic,496.8,32.12,94.59,74.54,2.0,442.87,156.7,Disposal
Wood,396.2,58.16,52.46,8.07,1.0,124.42,28.3,Energy Recovery
Plastic,207.1,74.84,14.41,5.02,2.0,52.28,132.5,Recycling
Construction,62.6,75.62,20.85,27.36,5.0,133.57,279.8,Material Recovery
Organic,4586.6,71.99,19.36,38.96,2.0,216.06,22.4,Energy Recovery
Textile,1148.5,66.74,5.72,13.3,2.0,81.75,188.0,Recycling
Organic,145.8,48.61,51.7,37.87,1.0,92.03,252.2,Energy Recovery
Industrial Residue,41198.6,40.64,74.87,60.01,2.0,342.65,199.1,Disposal
Metal,8430.4,97.21,6.69,7.19,3.5,40.96,17.2,Reuse
Plastic,38193.2,69.73,22.97,22.59,2.0,63.52,242.5,Recycling
Rubber,4449.9,67.7,47.48,15.75,3.5,150.57,118.2,Energy Recovery
Metal,1336.1,93.25,9.31,1.28,2.0,32.53,157.7,Reuse
Paper,10258.9,85.49,19.25,26.82,0.25,49.12,72.9,Recycling
Plastic,9071.4,11.52,84.75,42.1,3.5,198.59,231.1,Disposal
Plastic,50.2,70.49,51.42,25.99,0.5,85.37,153.4,Energy Recovery
Industrial Residue,245.9,13.78,45.19,38.38,2.0,236.49,335.9,Disposal
Plastic,17241.0,85.68,1.51,12.59,1.0,39.53,16.4,Reuse
Wood,747.2,45.68,21.64,26.59,3.5,187.35,208.3,Energy Recovery
Industrial Residue,15558.2,58.8,30.17,8.25,0.5,275.32,50.9,Material Recovery
Metal,214.6,72.52,22.98,4.99,3.5,195.63,275.6,Material Recovery
Industrial Residue,157.6,81.92,36.2,23.04,2.0,212.63,69.6,Material Recovery
Industrial Residue,135.6,9.59,50.07,35.09,1.0,188.68,151.9,Disposal
Organic,30315.7,40.81,50.2,35.33,1.0,175.34,269.7,Energy Recovery
Organic,35554.5,36.5,24.66,49.0,2.0,193.04,103.9,Energy Recovery
Organic,9007.8,50.58,40.02,59.21,3.5,113.46,18.5,Energy Recovery
E-waste,2047.0,50.73,27.15,16.89,0.5,160.88,80.1,Material Recovery
Glass,33676.5,83.41,13.65,0.31,0.5,160.12,47.7,Recycling
Glass,7477.5,92.67,20.94,0.92,0.5,76.24,171.7,Recycling
Construction,931.6,40.42,69.3,58.78,3.5,419.52,284.0,Disposal
Organic,72.0,40.88,64.92,52.57,0.25,407.17,349.9,Disposal
Rubber,386.7,64.27,53.15,9.38,2.0,75.42,139.5,Energy Recovery
Metal,6685.0,81.5,23.06,4.62,1.0,79.33,176.3,Recycling
Metal,301.6,80.19,25.26,3.66,1.0,110.02,263.7,Material Recovery
Construction,2493.6,6.55,92.0,48.09,0.5,299.62,129.8,Disposal
Metal,597.1,91.46,6.76,9.78,1.0,26.13,26.4,Reuse
Organic,3695.6,39.7,22.87,40.68,1.0,137.97,241.0,Energy Recovery
Wood,1161.5,98.65,3.55,14.33,1.0,91.37,179.2,Reuse
Wood,8676.3,78.4,7.78,1.52,1.0,45.69,64.7,Reuse
Industrial Residue,11136.7,27.8,56.63,56.38,0.5,376.95,446.5,Disposal
Industrial Residue,149.9,5.73,89.93,46.42,5.0,446.23,33.7,Disposal
Industrial Residue,2894.3,51.95,51.17,9.61,0.5,95.32,138.1,Energy Recovery
Metal,82.0,82.66,29.51,9.44,5.0,225.11,279.6,Material Recovery
Rubber,14583.9,56.24,35.73,31.33,2.0,100.89,160.8,Energy Recovery
Construction,60.5,11.77,76.34,44.52,0.25,284.78,157.6,Disposal
E-waste,78.8,86.25,28.14,4.23,3.5,287.92,278.8,Material Recovery
Textile,17477.7,83.08,1.57,2.64,2.0,78.61,132.7,Reuse
Plastic,13621.6,76.05,9.06,12.99,1.0,66.41,148.6,Reuse
Textile,20161.3,39.68,51.31,30.61,0.5,213.85,238.8,Disposal
Glass,1304.0,66.32,21.26,2.45,1.0,60.26,233.5,Recycling
Construction,38942.5,14.35,90.19,41.15,3.5,238.82,258.5,Disposal
Glass,22124.8,81.89,7.76,9.88,2.0,81.72,127.7,Recycling
Construction,6595.6,78.32,3.16,12.8,0.25,44.65,100.0,Reuse
Rubber,1504.9,57.51,37.23,25.85,0.5,163.6,201.3,Energy Recovery
Paper,297.6,94.92,16.54,23.69,5.0,163.41,26.1,Recycling
Construction,16669.3,74.87,27.22,30.21,5.0,151.66,44.8,Material Recovery
Industrial Residue,9789.6,26.39,64.93,29.66,3.5,209.12,174.0,Disposal
Metal,2929.9,92.87,19.74,2.23,0.5,81.42,175.2,Recycling
Plastic,5254.1,65.1,4.45,9.76,2.0,111.81,207.6,Recycling
Construction,1028.2,30.18,71.76,42.44,5.0,312.84,83.9,Disposal
Metal,129.2,68.07,10.27,8.81,3.5,141.68,42.0,Recycling
Textile,585.1,74.83,5.82,8.45,2.0,131.42,72.4,Recycling
Industrial Residue,332.7,42.55,67.06,84.71,3.5,309.31,175.4,Disposal
Plastic,115.4,65.57,39.94,16.07,0.5,130.58,198.0,Energy Recovery
Plastic,144.8,66.49,15.44,23.84,1.0,97.73,80.7,Recycling
Textile,4698.0,91.32,23.02,2.04,5.0,138.17,34.9,Recycling
Metal,2351.8,74.13,15.08,4.12,0.25,130.91,199.3,Material Recovery
Organic,2358.6,44.79,38.25,52.35,5.0,68.32,50.0,Energy Recovery
Glass,49077.0,72.15,13.84,0.6,3.5,52.56,231.1,Recycling
Wood,674.5,71.6,32.19,15.38,2.0,65.59,160.3,Energy Recovery
Metal,49680.3,84.25,28.55,5.43,2.0,288.3,126.6,Material Recovery
Industrial Residue,4774.7,79.78,36.61,9.64,1.0,276.56,119.5,Material Recovery
Plastic,922.7,19.99,57.17,30.48,14.0,267.88,102.6,Disposal
Textile,23660.8,48.96,45.46,5.89,1.0,76.55,103.2,Energy Recovery
Metal,57.5,70.41,39.96,2.58,0.5,309.49,308.8,Material Recovery
Organic,2928.1,35.23,50.66,41.66,2.0,129.73,31.4,Energy Recovery
Metal,1331.9,77.56,14.71,8.67,5.0,104.3,28.9,Recycling
Industrial Residue,6169.2,6.38,79.43,37.97,5.0,419.68,295.6,Disposal
Industrial Residue,236.3,40.06,93.18,78.06,7.0,455.4,298.3,Disposal
Industrial Residue,3936.7,83.59,23.43,12.88,0.5,148.54,261.4,Material Recovery
Glass,16730.2,70.12,16.58,6.2,0.5,131.9,17.6,Recycling
Plastic,880.7,95.74,3.68,14.43,7.0,53.16,148.6,Reuse
Wood,12190.9,94.6,5.79,6.19,1.0,12.01,38.8,Reuse
Construction,17413.3,43.79,87.36,70.79,3.5,413.65,157.3,Disposal
Metal,4685.9,59.21,16.55,8.97,0.5,197.91,308.0,Material Recovery
Wood,29382.3,53.68,52.64,26.08,1.0,132.59,253.9,Energy Recovery
Metal,46619.8,92.5,2.38,3.79,2.0,57.34,124.8,Reuse
Industrial Residue,117.0,48.55,40.01,37.69,5.0,183.28,85.2,Energy Recovery
Glass,85.3,87.57,18.25,3.98,0.5,72.46,210.3,Recycling
Wood,3687.8,78.96,5.87,3.17,0.25,43.49,103.8,Reuse
Plastic,27774.3,82.55,8.04,7.73,2.0,32.51,48.2,Reuse
Textile,2954.9,86.89,0.93,9.54,5.0,84.31,82.1,Reuse
Organic,42988.2,73.83,40.83,44.88,1.0,64.78,22.2,Energy Recovery
Organic,797.7,72.4,31.28,54.09,2.0,223.0,34.5,Energy Recovery
Industrial Residue,47679.0,59.34,14.57,17.93,5.0,149.23,268.3,Material Recovery
E-waste,1837.0,87.22,21.72,25.82,5.0,302.02,95.3,Material Recovery
Metal,74.7,78.6,14.26,4.57,2.0,148.93,183.6,Recycling
Metal,136.6,53.41,41.87,9.76,7.0,320.94,111.8,Material Recovery
Wood,205.5,89.01,6.51,16.89,3.5,30.29,74.3,Reuse
Paper,5730.1,72.95,6.4,6.1,5.0,134.08,19.7,Recycling
Textile,4521.3,83.4,7.98,14.28,3.5,90.72,39.9,Reuse
Paper,41944.6,75.04,20.31,24.35,0.5,83.29,237.3,Recycling
Metal,209.6,88.55,1.29,7.65,1.0,83.92,62.5,Reuse
Metal,13347.0,70.19,23.69,9.72,0.5,97.16,247.2,Recycling
Glass,4394.4,97.41,5.39,5.45,5.0,80.26,17.5,Reuse
Metal,90.0,86.18,9.95,6.14,0.5,55.91,83.3,Recycling
Construction,33357.3,85.57,2.62,1.87,2.0,79.88,75.1,Reuse
Metal,9757.8,95.3,10.29,2.85,1.0,86.95,30.8,Reuse
Organic,2318.8,54.47,39.91,47.96,5.0,89.95,268.1,Energy Recovery
Construction,1025.8,6.8,88.96,26.4,1.0,435.09,156.5,Disposal
Wood,282.0,89.1,7.85,8.21,5.0,26.93,72.3,Reuse
Organic,189.5,47.49,51.01,43.98,1.0,114.26,129.1,Energy Recovery
Organic,3532.5,44.08,57.47,37.63,0.5,331.35,359.5,Disposal
Wood,271.9,40.66,44.06,14.35,0.25,164.25,101.5,Energy Recovery
Plastic,111.2,68.16,32.83,13.99,1.0,220.49,189.0,Material Recovery
E-waste,23116.5,77.11,29.89,14.47,14.0,188.83,289.9,Material Recovery
Construction,115.6,17.97,64.15,74.66,1.0,400.68,272.0,Disposal
Industrial Residue,422.7,40.41,84.55,33.84,1.0,278.03,23.5,Disposal
Plastic,334.4,81.55,4.24,15.76,14.0,42.31,205.2,Recycling
